[{"model": "admin.logentry", "pk": 1, "fields": {"action_time": "2023-10-01T23:55:31.335Z", "user": 1, "content_type": 6, "object_id": "1", "object_repr": "Shirts", "action_flag": 1, "change_message": "[{\"added\": {}}]"}}, {"model": "admin.logentry", "pk": 2, "fields": {"action_time": "2023-10-01T23:58:31.750Z", "user": 1, "content_type": 6, "object_id": "2", "object_repr": "T Shirt", "action_flag": 1, "change_message": "[{\"added\": {}}]"}}, {"model": "admin.logentry", "pk": 3, "fields": {"action_time": "2023-10-01T23:59:05.861Z", "user": 1, "content_type": 6, "object_id": "3", "object_repr": "Shoes", "action_flag": 1, "change_message": "[{\"added\": {}}]"}}, {"model": "admin.logentry", "pk": 4, "fields": {"action_time": "2023-10-01T23:59:27.637Z", "user": 1, "content_type": 6, "object_id": "4", "object_repr": "Jeans", "action_flag": 1, "change_message": "[{\"added\": {}}]"}}, {"model": "admin.logentry", "pk": 5, "fields": {"action_time": "2023-10-01T23:59:41.827Z", "user": 1, "content_type": 6, "object_id": "5", "object_repr": "Jacket", "action_flag": 1, "change_message": "[{\"added\": {}}]"}}, {"model": "admin.logentry", "pk": 6, "fields": {"action_time": "2023-10-02T00:22:16.486Z", "user": 1, "content_type": 8, "object_id": "1", "object_repr": "ATX Jeans", "action_flag": 1, "change_message": "[{\"added\": {}}]"}}, {"model": "admin.logentry", "pk": 7, "fields": {"action_time": "2023-10-02T00:23:46.447Z", "user": 1, "content_type": 8, "object_id": "2", "object_repr": "Wrangler Shirt", "action_flag": 1, "change_message": "[{\"added\": {}}]"}}, {"model": "admin.logentry", "pk": 8, "fields": {"action_time": "2023-10-02T00:24:35.088Z", "user": 1, "content_type": 8, "object_id": "3", "object_repr": "US Polo Assn Jacket", "action_flag": 1, "change_message": "[{\"added\": {}}]"}}, {"model": "admin.logentry", "pk": 9, "fields": {"action_time": "2023-10-02T00:25:12.943Z", "user": 1, "content_type": 8, "object_id": "4", "object_repr": "Mavi Jeans", "action_flag": 1, "change_message": "[{\"added\": {}}]"}}, {"model": "admin.logentry", "pk": 10, "fields": {"action_time": "2023-10-02T00:26:02.413Z", "user": 1, "content_type": 8, "object_id": "5", "object_repr": "Jordan Shoes", "action_flag": 1, "change_message": "[{\"added\": {}}]"}}, {"model": "admin.logentry", "pk": 11, "fields": {"action_time": "2023-10-02T00:26:38.001Z", "user": 1, "content_type": 8, "object_id": "6", "object_repr": "Puma Ferrari Shoes", "action_flag": 1, "change_message": "[{\"added\": {}}]"}}, {"model": "admin.logentry", "pk": 12, "fields": {"action_time": "2023-10-02T00:27:47.121Z", "user": 1, "content_type": 8, "object_id": "7", "object_repr": "RXN Blue T Shirt", "action_flag": 1, "change_message": "[{\"added\": {}}]"}}, {"model": "admin.logentry", "pk": 13, "fields": {"action_time": "2023-10-02T00:28:42.105Z", "user": 1, "content_type": 8, "object_id": "8", "object_repr": "Kids T Shirt", "action_flag": 1, "change_message": "[{\"added\": {}}]"}}, {"model": "admin.logentry", "pk": 14, "fields": {"action_time": "2023-10-02T00:28:57.858Z", "user": 1, "content_type": 8, "object_id": "7", "object_repr": "RXN Blue Shirt", "action_flag": 2, "change_message": "[{\"changed\": {\"fields\": [\"Product name\", \"Slug\", \"Category\"]}}]"}}, {"model": "admin.logentry", "pk": 15, "fields": {"action_time": "2023-10-02T02:17:52.912Z", "user": 1, "content_type": 8, "object_id": "2", "object_repr": "Wrangler Shirt", "action_flag": 2, "change_message": "[{\"changed\": {\"fields\": [\"Stock\"]}}]"}}, {"model": "admin.logentry", "pk": 16, "fields": {"action_time": "2023-10-03T00:44:25.620Z", "user": 1, "content_type": 11, "object_id": "1", "object_repr": "Red", "action_flag": 1, "change_message": "[{\"added\": {}}]"}}, {"model": "admin.logentry", "pk": 17, "fields": {"action_time": "2023-10-03T00:45:24.998Z", "user": 1, "content_type": 11, "object_id": "2", "object_repr": "Variation object (2)", "action_flag": 1, "change_message": "[{\"added\": {}}]"}}, {"model": "admin.logentry", "pk": 18, "fields": {"action_time": "2023-10-03T00:46:13.454Z", "user": 1, "content_type": 11, "object_id": "3", "object_repr": "Variation object (3)", "action_flag": 1, "change_message": "[{\"added\": {}}]"}}, {"model": "admin.logentry", "pk": 19, "fields": {"action_time": "2023-10-03T00:54:26.313Z", "user": 1, "content_type": 11, "object_id": "1", "object_repr": "Variation object (1)", "action_flag": 2, "change_message": "[{\"changed\": {\"fields\": [\"Variation value\"]}}]"}}, {"model": "admin.logentry", "pk": 20, "fields": {"action_time": "2023-10-03T00:58:02.033Z", "user": 1, "content_type": 11, "object_id": "4", "object_repr": "Variation object (4)", "action_flag": 1, "change_message": "[{\"added\": {}}]"}}, {"model": "admin.logentry", "pk": 21, "fields": {"action_time": "2023-10-03T01:17:52.086Z", "user": 1, "content_type": 11, "object_id": "5", "object_repr": "Variation object (5)", "action_flag": 1, "change_message": "[{\"added\": {}}]"}}, {"model": "admin.logentry", "pk": 22, "fields": {"action_time": "2023-10-03T01:18:04.220Z", "user": 1, "content_type": 11, "object_id": "6", "object_repr": "Variation object (6)", "action_flag": 1, "change_message": "[{\"added\": {}}]"}}, {"model": "admin.logentry", "pk": 23, "fields": {"action_time": "2023-10-03T01:18:20.091Z", "user": 1, "content_type": 11, "object_id": "7", "object_repr": "Variation object (7)", "action_flag": 1, "change_message": "[{\"added\": {}}]"}}, {"model": "admin.logentry", "pk": 24, "fields": {"action_time": "2023-10-03T08:41:16.554Z", "user": 1, "content_type": 7, "object_id": "4", "object_repr": "vasveen@amazon.com", "action_flag": 3, "change_message": ""}}, {"model": "admin.logentry", "pk": 25, "fields": {"action_time": "2023-10-03T08:41:20.964Z", "user": 1, "content_type": 7, "object_id": "3", "object_repr": "veenvasu@gmail.com", "action_flag": 3, "change_message": ""}}, {"model": "admin.logentry", "pk": 26, "fields": {"action_time": "2023-10-03T08:41:27.620Z", "user": 1, "content_type": 7, "object_id": "2", "object_repr": "vasveena@amazon.com", "action_flag": 3, "change_message": ""}}, {"model": "admin.logentry", "pk": 27, "fields": {"action_time": "2023-10-03T08:46:56.538Z", "user": 1, "content_type": 7, "object_id": "5", "object_repr": "vasveena@amazon.com", "action_flag": 3, "change_message": ""}}, {"model": "admin.logentry", "pk": 28, "fields": {"action_time": "2023-10-03T08:57:08.075Z", "user": 1, "content_type": 7, "object_id": "6", "object_repr": "vasveena@amazon.com", "action_flag": 2, "change_message": "[{\"changed\": {\"fields\": [\"password\"]}}]"}}, {"model": "admin.logentry", "pk": 29, "fields": {"action_time": "2023-10-03T08:58:41.486Z", "user": 1, "content_type": 7, "object_id": "6", "object_repr": "vasveena@amazon.com", "action_flag": 2, "change_message": "[{\"changed\": {\"fields\": [\"Is active\"]}}]"}}, {"model": "admin.logentry", "pk": 30, "fields": {"action_time": "2023-10-03T09:37:13.197Z", "user": 1, "content_type": 7, "object_id": "7", "object_repr": "veenvasu@gmail.com", "action_flag": 3, "change_message": ""}}, {"model": "admin.logentry", "pk": 31, "fields": {"action_time": "2023-10-03T09:44:15.976Z", "user": 1, "content_type": 7, "object_id": "8", "object_repr": "veenvasu@gmail.com", "action_flag": 3, "change_message": ""}}, {"model": "admin.logentry", "pk": 32, "fields": {"action_time": "2023-10-03T09:49:27.385Z", "user": 1, "content_type": 7, "object_id": "9", "object_repr": "veenvasu@gmail.com", "action_flag": 3, "change_message": ""}}, {"model": "admin.logentry", "pk": 33, "fields": {"action_time": "2023-10-03T09:52:07.496Z", "user": 1, "content_type": 7, "object_id": "11", "object_repr": "vasudevan.veena@gmail.com", "action_flag": 3, "change_message": ""}}, {"model": "admin.logentry", "pk": 34, "fields": {"action_time": "2023-10-03T09:52:13.412Z", "user": 1, "content_type": 7, "object_id": "10", "object_repr": "veenvasu@gmail.com", "action_flag": 3, "change_message": ""}}, {"model": "admin.logentry", "pk": 35, "fields": {"action_time": "2023-10-03T09:58:45.269Z", "user": 1, "content_type": 7, "object_id": "12", "object_repr": "veenvasu@gmail.com", "action_flag": 3, "change_message": ""}}, {"model": "admin.logentry", "pk": 36, "fields": {"action_time": "2023-10-03T10:09:54.716Z", "user": 1, "content_type": 7, "object_id": "13", "object_repr": "veenvasu@gmail.com", "action_flag": 3, "change_message": ""}}, {"model": "admin.logentry", "pk": 37, "fields": {"action_time": "2023-10-03T10:11:06.376Z", "user": 1, "content_type": 7, "object_id": "14", "object_repr": "veenvasu@gmail.com", "action_flag": 3, "change_message": ""}}, {"model": "admin.logentry", "pk": 38, "fields": {"action_time": "2023-10-03T10:13:08.137Z", "user": 1, "content_type": 7, "object_id": "15", "object_repr": "veenvasu@gmail.com", "action_flag": 3, "change_message": ""}}, {"model": "admin.logentry", "pk": 39, "fields": {"action_time": "2023-10-12T01:43:33.038Z", "user": 1, "content_type": 9, "object_id": "28", "object_repr": "ATX Jeans", "action_flag": 3, "change_message": ""}}, {"model": "admin.logentry", "pk": 40, "fields": {"action_time": "2023-10-12T01:43:33.042Z", "user": 1, "content_type": 9, "object_id": "27", "object_repr": "ATX Jeans", "action_flag": 3, "change_message": ""}}, {"model": "admin.logentry", "pk": 41, "fields": {"action_time": "2023-10-12T01:43:33.045Z", "user": 1, "content_type": 9, "object_id": "26", "object_repr": "ATX Jeans", "action_flag": 3, "change_message": ""}}, {"model": "admin.logentry", "pk": 42, "fields": {"action_time": "2023-10-12T01:43:33.047Z", "user": 1, "content_type": 9, "object_id": "25", "object_repr": "ATX Jeans", "action_flag": 3, "change_message": ""}}, {"model": "admin.logentry", "pk": 43, "fields": {"action_time": "2023-10-12T01:43:39.751Z", "user": 1, "content_type": 10, "object_id": "4", "object_repr": "9mcp9pbp5ua4gexs793mm9kdkan0rvtw", "action_flag": 3, "change_message": ""}}, {"model": "admin.logentry", "pk": 44, "fields": {"action_time": "2023-10-12T01:43:39.754Z", "user": 1, "content_type": 10, "object_id": "3", "object_repr": "47qzislplyrqzlkn920uys9h72c7e5hz", "action_flag": 3, "change_message": ""}}, {"model": "admin.logentry", "pk": 45, "fields": {"action_time": "2023-10-12T01:43:39.756Z", "user": 1, "content_type": 10, "object_id": "2", "object_repr": "m5j1gjiataigobkxpnfg63ccc152uzlu", "action_flag": 3, "change_message": ""}}, {"model": "admin.logentry", "pk": 46, "fields": {"action_time": "2023-10-12T01:43:39.759Z", "user": 1, "content_type": 10, "object_id": "1", "object_repr": "txaotbbpvx2iybsbl2hfp2vmk51psxtg", "action_flag": 3, "change_message": ""}}, {"model": "admin.logentry", "pk": 47, "fields": {"action_time": "2023-10-12T01:46:22.569Z", "user": 1, "content_type": 9, "object_id": "29", "object_repr": "ATX Jeans", "action_flag": 3, "change_message": ""}}, {"model": "admin.logentry", "pk": 48, "fields": {"action_time": "2023-10-12T01:46:29.814Z", "user": 1, "content_type": 10, "object_id": "5", "object_repr": "2u228pkv3vmww5gd3oeuos6i85dxveu4", "action_flag": 3, "change_message": ""}}, {"model": "admin.logentry", "pk": 49, "fields": {"action_time": "2023-10-12T01:56:36.905Z", "user": 1, "content_type": 9, "object_id": "31", "object_repr": "ATX Jeans", "action_flag": 3, "change_message": ""}}, {"model": "admin.logentry", "pk": 50, "fields": {"action_time": "2023-10-12T01:56:36.909Z", "user": 1, "content_type": 9, "object_id": "30", "object_repr": "ATX Jeans", "action_flag": 3, "change_message": ""}}, {"model": "admin.logentry", "pk": 51, "fields": {"action_time": "2023-10-12T01:56:42.170Z", "user": 1, "content_type": 9, "object_id": "32", "object_repr": "ATX Jeans", "action_flag": 3, "change_message": ""}}, {"model": "admin.logentry", "pk": 52, "fields": {"action_time": "2023-10-12T01:56:48.424Z", "user": 1, "content_type": 10, "object_id": "7", "object_repr": "j514nuf4dh87kcryn3ta3eov1nqv0c35", "action_flag": 3, "change_message": ""}}, {"model": "admin.logentry", "pk": 53, "fields": {"action_time": "2023-10-12T01:56:48.428Z", "user": 1, "content_type": 10, "object_id": "6", "object_repr": "j604wmy7mj1um9zm5meannz7g3mizy0z", "action_flag": 3, "change_message": ""}}, {"model": "admin.logentry", "pk": 54, "fields": {"action_time": "2023-10-12T02:06:52.299Z", "user": 1, "content_type": 9, "object_id": "34", "object_repr": "ATX Jeans", "action_flag": 3, "change_message": ""}}, {"model": "admin.logentry", "pk": 55, "fields": {"action_time": "2023-10-12T02:06:52.304Z", "user": 1, "content_type": 9, "object_id": "33", "object_repr": "ATX Jeans", "action_flag": 3, "change_message": ""}}, {"model": "admin.logentry", "pk": 56, "fields": {"action_time": "2023-10-12T02:06:57.279Z", "user": 1, "content_type": 10, "object_id": "9", "object_repr": "yg8cd3x60xosoo62564795st0qni4y2j", "action_flag": 3, "change_message": ""}}, {"model": "admin.logentry", "pk": 57, "fields": {"action_time": "2023-10-12T02:06:57.281Z", "user": 1, "content_type": 10, "object_id": "8", "object_repr": "yupu429ei7f60a714i2byr4os4n77ndt", "action_flag": 3, "change_message": ""}}, {"model": "admin.logentry", "pk": 58, "fields": {"action_time": "2023-10-12T02:21:51.458Z", "user": 1, "content_type": 9, "object_id": "37", "object_repr": "ATX Jeans", "action_flag": 3, "change_message": ""}}, {"model": "admin.logentry", "pk": 59, "fields": {"action_time": "2023-10-12T02:21:51.462Z", "user": 1, "content_type": 9, "object_id": "36", "object_repr": "ATX Jeans", "action_flag": 3, "change_message": ""}}, {"model": "admin.logentry", "pk": 60, "fields": {"action_time": "2023-10-12T02:21:51.466Z", "user": 1, "content_type": 9, "object_id": "35", "object_repr": "ATX Jeans", "action_flag": 3, "change_message": ""}}, {"model": "admin.logentry", "pk": 61, "fields": {"action_time": "2023-10-12T02:21:56.854Z", "user": 1, "content_type": 10, "object_id": "11", "object_repr": "vogquukf1x397p2mrv3q1ewkz561aslo", "action_flag": 3, "change_message": ""}}, {"model": "admin.logentry", "pk": 62, "fields": {"action_time": "2023-10-12T02:21:56.860Z", "user": 1, "content_type": 10, "object_id": "10", "object_repr": "xq0dkmi66u0bu5p33cwyz8vvcirqkxmu", "action_flag": 3, "change_message": ""}}, {"model": "admin.logentry", "pk": 63, "fields": {"action_time": "2023-10-12T05:37:39.051Z", "user": 1, "content_type": 13, "object_id": "7", "object_repr": "Veena", "action_flag": 3, "change_message": ""}}, {"model": "admin.logentry", "pk": 64, "fields": {"action_time": "2023-10-12T05:37:39.059Z", "user": 1, "content_type": 13, "object_id": "6", "object_repr": "Veena", "action_flag": 3, "change_message": ""}}, {"model": "admin.logentry", "pk": 65, "fields": {"action_time": "2023-10-12T05:37:39.065Z", "user": 1, "content_type": 13, "object_id": "5", "object_repr": "Veena", "action_flag": 3, "change_message": ""}}, {"model": "admin.logentry", "pk": 66, "fields": {"action_time": "2023-10-12T05:37:39.070Z", "user": 1, "content_type": 13, "object_id": "4", "object_repr": "Veena", "action_flag": 3, "change_message": ""}}, {"model": "admin.logentry", "pk": 67, "fields": {"action_time": "2023-10-12T05:37:39.073Z", "user": 1, "content_type": 13, "object_id": "3", "object_repr": "Veena", "action_flag": 3, "change_message": ""}}, {"model": "admin.logentry", "pk": 68, "fields": {"action_time": "2023-10-12T05:37:39.079Z", "user": 1, "content_type": 13, "object_id": "2", "object_repr": "Veena", "action_flag": 3, "change_message": ""}}, {"model": "admin.logentry", "pk": 69, "fields": {"action_time": "2023-10-12T05:37:39.083Z", "user": 1, "content_type": 13, "object_id": "1", "object_repr": "Veena", "action_flag": 3, "change_message": ""}}, {"model": "admin.logentry", "pk": 70, "fields": {"action_time": "2023-10-12T07:31:04.101Z", "user": 1, "content_type": 17, "object_id": "1", "object_repr": "Veena", "action_flag": 1, "change_message": "[{\"added\": {}}]"}}, {"model": "admin.logentry", "pk": 71, "fields": {"action_time": "2023-10-12T07:44:01.157Z", "user": 1, "content_type": 8, "object_id": "1", "object_repr": "ATX Jeans", "action_flag": 2, "change_message": "[{\"added\": {\"name\": \"productgallery\", \"object\": \"ATX Jeans\"}}, {\"added\": {\"name\": \"productgallery\", \"object\": \"ATX Jeans\"}}, {\"added\": {\"name\": \"productgallery\", \"object\": \"ATX Jeans\"}}]"}}, {"model": "admin.logentry", "pk": 72, "fields": {"action_time": "2023-10-15T11:49:49.733Z", "user": 1, "content_type": 8, "object_id": "8", "object_repr": "Ugg Kids T Shirt", "action_flag": 2, "change_message": "[{\"changed\": {\"fields\": [\"Product name\", \"Product brand\"]}}]"}}, {"model": "admin.logentry", "pk": 73, "fields": {"action_time": "2023-10-15T11:50:00.711Z", "user": 1, "content_type": 8, "object_id": "7", "object_repr": "RXN Blue Shirt", "action_flag": 2, "change_message": "[{\"changed\": {\"fields\": [\"Product brand\"]}}]"}}, {"model": "admin.logentry", "pk": 74, "fields": {"action_time": "2023-10-15T11:50:14.982Z", "user": 1, "content_type": 8, "object_id": "6", "object_repr": "Puma Ferrari Shoes", "action_flag": 2, "change_message": "[{\"changed\": {\"fields\": [\"Product brand\"]}}]"}}, {"model": "admin.logentry", "pk": 75, "fields": {"action_time": "2023-10-15T11:50:23.202Z", "user": 1, "content_type": 8, "object_id": "5", "object_repr": "Jordan Shoes", "action_flag": 2, "change_message": "[{\"changed\": {\"fields\": [\"Product brand\"]}}]"}}, {"model": "admin.logentry", "pk": 76, "fields": {"action_time": "2023-10-15T11:50:30.513Z", "user": 1, "content_type": 8, "object_id": "4", "object_repr": "Mavi Jeans", "action_flag": 2, "change_message": "[{\"changed\": {\"fields\": [\"Product brand\"]}}]"}}, {"model": "admin.logentry", "pk": 77, "fields": {"action_time": "2023-10-15T11:50:38.350Z", "user": 1, "content_type": 8, "object_id": "3", "object_repr": "US Polo Assn Jacket", "action_flag": 2, "change_message": "[{\"changed\": {\"fields\": [\"Product brand\"]}}]"}}, {"model": "admin.logentry", "pk": 78, "fields": {"action_time": "2023-10-15T11:50:45.706Z", "user": 1, "content_type": 8, "object_id": "2", "object_repr": "Wrangler Shirt", "action_flag": 2, "change_message": "[{\"changed\": {\"fields\": [\"Product brand\"]}}]"}}, {"model": "admin.logentry", "pk": 79, "fields": {"action_time": "2023-10-15T11:50:54.749Z", "user": 1, "content_type": 8, "object_id": "1", "object_repr": "ATX Jeans", "action_flag": 2, "change_message": "[{\"changed\": {\"fields\": [\"Product brand\"]}}]"}}, {"model": "admin.logentry", "pk": 80, "fields": {"action_time": "2023-10-16T05:26:22.044Z", "user": 1, "content_type": 7, "object_id": "17", "object_repr": "", "action_flag": 1, "change_message": "[{\"added\": {}}]"}}, {"model": "admin.logentry", "pk": 81, "fields": {"action_time": "2023-10-16T05:35:27.986Z", "user": 1, "content_type": 7, "object_id": "17", "object_repr": "", "action_flag": 3, "change_message": ""}}, {"model": "admin.logentry", "pk": 82, "fields": {"action_time": "2023-10-16T05:43:31.247Z", "user": 1, "content_type": 7, "object_id": "18", "object_repr": "dave@gmail.com", "action_flag": 3, "change_message": ""}}, {"model": "admin.logentry", "pk": 83, "fields": {"action_time": "2023-10-16T05:54:37.371Z", "user": 1, "content_type": 7, "object_id": "19", "object_repr": "dave@gmail.com", "action_flag": 3, "change_message": ""}}, {"model": "admin.logentry", "pk": 84, "fields": {"action_time": "2023-10-16T05:57:39.656Z", "user": 1, "content_type": 7, "object_id": "20", "object_repr": "dave@gmail.com", "action_flag": 3, "change_message": ""}}, {"model": "admin.logentry", "pk": 85, "fields": {"action_time": "2023-10-16T06:09:14.608Z", "user": 1, "content_type": 7, "object_id": "21", "object_repr": "dave@gmail.com", "action_flag": 3, "change_message": ""}}, {"model": "admin.logentry", "pk": 86, "fields": {"action_time": "2023-10-16T06:11:27.253Z", "user": 1, "content_type": 7, "object_id": "22", "object_repr": "dave@gmail.com", "action_flag": 3, "change_message": ""}}, {"model": "admin.logentry", "pk": 87, "fields": {"action_time": "2023-10-16T06:19:05.484Z", "user": 1, "content_type": 7, "object_id": "23", "object_repr": "dave@gmail.com", "action_flag": 3, "change_message": ""}}, {"model": "admin.logentry", "pk": 88, "fields": {"action_time": "2023-10-16T06:21:29.232Z", "user": 1, "content_type": 7, "object_id": "24", "object_repr": "dave@gmail.com", "action_flag": 3, "change_message": ""}}, {"model": "admin.logentry", "pk": 89, "fields": {"action_time": "2023-10-16T07:22:41.637Z", "user": 1, "content_type": 15, "object_id": "3", "object_repr": "Disappointed", "action_flag": 2, "change_message": "[{\"changed\": {\"fields\": [\"Subject\"]}}]"}}, {"model": "admin.logentry", "pk": 90, "fields": {"action_time": "2023-10-16T07:23:10.984Z", "user": 1, "content_type": 15, "object_id": "2", "object_repr": "Love it!", "action_flag": 2, "change_message": "[{\"changed\": {\"fields\": [\"Subject\", \"Review\"]}}]"}}, {"model": "admin.logentry", "pk": 91, "fields": {"action_time": "2023-10-16T07:23:15.733Z", "user": 1, "content_type": 15, "object_id": "2", "object_repr": "Love it!", "action_flag": 2, "change_message": "[]"}}, {"model": "admin.logentry", "pk": 92, "fields": {"action_time": "2023-10-16T07:23:27.372Z", "user": 1, "content_type": 15, "object_id": "1", "object_repr": "Meh", "action_flag": 2, "change_message": "[{\"changed\": {\"fields\": [\"Subject\", \"Review\"]}}]"}}, {"model": "admin.logentry", "pk": 93, "fields": {"action_time": "2023-10-16T07:25:05.333Z", "user": 1, "content_type": 15, "object_id": "4", "object_repr": "Poor quality and uncomfortable", "action_flag": 1, "change_message": "[{\"added\": {}}]"}}, {"model": "admin.logentry", "pk": 94, "fields": {"action_time": "2023-10-16T07:26:27.134Z", "user": 1, "content_type": 15, "object_id": "4", "object_repr": "Poor quality and uncomfortable", "action_flag": 2, "change_message": "[{\"changed\": {\"fields\": [\"Review\"]}}]"}}, {"model": "admin.logentry", "pk": 95, "fields": {"action_time": "2023-10-16T07:26:38.390Z", "user": 1, "content_type": 15, "object_id": "4", "object_repr": "Poor quality and uncomfortable", "action_flag": 2, "change_message": "[{\"changed\": {\"fields\": [\"Review\"]}}]"}}, {"model": "auth.permission", "pk": 1, "fields": {"name": "Can add log entry", "content_type": 1, "codename": "add_logentry"}}, {"model": "auth.permission", "pk": 2, "fields": {"name": "Can change log entry", "content_type": 1, "codename": "change_logentry"}}, {"model": "auth.permission", "pk": 3, "fields": {"name": "Can delete log entry", "content_type": 1, "codename": "delete_logentry"}}, {"model": "auth.permission", "pk": 4, "fields": {"name": "Can view log entry", "content_type": 1, "codename": "view_logentry"}}, {"model": "auth.permission", "pk": 5, "fields": {"name": "Can add permission", "content_type": 2, "codename": "add_permission"}}, {"model": "auth.permission", "pk": 6, "fields": {"name": "Can change permission", "content_type": 2, "codename": "change_permission"}}, {"model": "auth.permission", "pk": 7, "fields": {"name": "Can delete permission", "content_type": 2, "codename": "delete_permission"}}, {"model": "auth.permission", "pk": 8, "fields": {"name": "Can view permission", "content_type": 2, "codename": "view_permission"}}, {"model": "auth.permission", "pk": 9, "fields": {"name": "Can add group", "content_type": 3, "codename": "add_group"}}, {"model": "auth.permission", "pk": 10, "fields": {"name": "Can change group", "content_type": 3, "codename": "change_group"}}, {"model": "auth.permission", "pk": 11, "fields": {"name": "Can delete group", "content_type": 3, "codename": "delete_group"}}, {"model": "auth.permission", "pk": 12, "fields": {"name": "Can view group", "content_type": 3, "codename": "view_group"}}, {"model": "auth.permission", "pk": 13, "fields": {"name": "Can add content type", "content_type": 4, "codename": "add_contenttype"}}, {"model": "auth.permission", "pk": 14, "fields": {"name": "Can change content type", "content_type": 4, "codename": "change_contenttype"}}, {"model": "auth.permission", "pk": 15, "fields": {"name": "Can delete content type", "content_type": 4, "codename": "delete_contenttype"}}, {"model": "auth.permission", "pk": 16, "fields": {"name": "Can view content type", "content_type": 4, "codename": "view_contenttype"}}, {"model": "auth.permission", "pk": 17, "fields": {"name": "Can add session", "content_type": 5, "codename": "add_session"}}, {"model": "auth.permission", "pk": 18, "fields": {"name": "Can change session", "content_type": 5, "codename": "change_session"}}, {"model": "auth.permission", "pk": 19, "fields": {"name": "Can delete session", "content_type": 5, "codename": "delete_session"}}, {"model": "auth.permission", "pk": 20, "fields": {"name": "Can view session", "content_type": 5, "codename": "view_session"}}, {"model": "auth.permission", "pk": 21, "fields": {"name": "Can add category", "content_type": 6, "codename": "add_category"}}, {"model": "auth.permission", "pk": 22, "fields": {"name": "Can change category", "content_type": 6, "codename": "change_category"}}, {"model": "auth.permission", "pk": 23, "fields": {"name": "Can delete category", "content_type": 6, "codename": "delete_category"}}, {"model": "auth.permission", "pk": 24, "fields": {"name": "Can view category", "content_type": 6, "codename": "view_category"}}, {"model": "auth.permission", "pk": 25, "fields": {"name": "Can add account", "content_type": 7, "codename": "add_account"}}, {"model": "auth.permission", "pk": 26, "fields": {"name": "Can change account", "content_type": 7, "codename": "change_account"}}, {"model": "auth.permission", "pk": 27, "fields": {"name": "Can delete account", "content_type": 7, "codename": "delete_account"}}, {"model": "auth.permission", "pk": 28, "fields": {"name": "Can view account", "content_type": 7, "codename": "view_account"}}, {"model": "auth.permission", "pk": 29, "fields": {"name": "Can add product", "content_type": 8, "codename": "add_product"}}, {"model": "auth.permission", "pk": 30, "fields": {"name": "Can change product", "content_type": 8, "codename": "change_product"}}, {"model": "auth.permission", "pk": 31, "fields": {"name": "Can delete product", "content_type": 8, "codename": "delete_product"}}, {"model": "auth.permission", "pk": 32, "fields": {"name": "Can view product", "content_type": 8, "codename": "view_product"}}, {"model": "auth.permission", "pk": 33, "fields": {"name": "Can add cart item", "content_type": 9, "codename": "add_cartitem"}}, {"model": "auth.permission", "pk": 34, "fields": {"name": "Can change cart item", "content_type": 9, "codename": "change_cartitem"}}, {"model": "auth.permission", "pk": 35, "fields": {"name": "Can delete cart item", "content_type": 9, "codename": "delete_cartitem"}}, {"model": "auth.permission", "pk": 36, "fields": {"name": "Can view cart item", "content_type": 9, "codename": "view_cartitem"}}, {"model": "auth.permission", "pk": 37, "fields": {"name": "Can add cart", "content_type": 10, "codename": "add_cart"}}, {"model": "auth.permission", "pk": 38, "fields": {"name": "Can change cart", "content_type": 10, "codename": "change_cart"}}, {"model": "auth.permission", "pk": 39, "fields": {"name": "Can delete cart", "content_type": 10, "codename": "delete_cart"}}, {"model": "auth.permission", "pk": 40, "fields": {"name": "Can view cart", "content_type": 10, "codename": "view_cart"}}, {"model": "auth.permission", "pk": 41, "fields": {"name": "Can add variation", "content_type": 11, "codename": "add_variation"}}, {"model": "auth.permission", "pk": 42, "fields": {"name": "Can change variation", "content_type": 11, "codename": "change_variation"}}, {"model": "auth.permission", "pk": 43, "fields": {"name": "Can delete variation", "content_type": 11, "codename": "delete_variation"}}, {"model": "auth.permission", "pk": 44, "fields": {"name": "Can view variation", "content_type": 11, "codename": "view_variation"}}, {"model": "auth.permission", "pk": 45, "fields": {"name": "Can add payment", "content_type": 12, "codename": "add_payment"}}, {"model": "auth.permission", "pk": 46, "fields": {"name": "Can change payment", "content_type": 12, "codename": "change_payment"}}, {"model": "auth.permission", "pk": 47, "fields": {"name": "Can delete payment", "content_type": 12, "codename": "delete_payment"}}, {"model": "auth.permission", "pk": 48, "fields": {"name": "Can view payment", "content_type": 12, "codename": "view_payment"}}, {"model": "auth.permission", "pk": 49, "fields": {"name": "Can add order", "content_type": 13, "codename": "add_order"}}, {"model": "auth.permission", "pk": 50, "fields": {"name": "Can change order", "content_type": 13, "codename": "change_order"}}, {"model": "auth.permission", "pk": 51, "fields": {"name": "Can delete order", "content_type": 13, "codename": "delete_order"}}, {"model": "auth.permission", "pk": 52, "fields": {"name": "Can view order", "content_type": 13, "codename": "view_order"}}, {"model": "auth.permission", "pk": 53, "fields": {"name": "Can add order product", "content_type": 14, "codename": "add_orderproduct"}}, {"model": "auth.permission", "pk": 54, "fields": {"name": "Can change order product", "content_type": 14, "codename": "change_orderproduct"}}, {"model": "auth.permission", "pk": 55, "fields": {"name": "Can delete order product", "content_type": 14, "codename": "delete_orderproduct"}}, {"model": "auth.permission", "pk": 56, "fields": {"name": "Can view order product", "content_type": 14, "codename": "view_orderproduct"}}, {"model": "auth.permission", "pk": 57, "fields": {"name": "Can add review rating", "content_type": 15, "codename": "add_reviewrating"}}, {"model": "auth.permission", "pk": 58, "fields": {"name": "Can change review rating", "content_type": 15, "codename": "change_reviewrating"}}, {"model": "auth.permission", "pk": 59, "fields": {"name": "Can delete review rating", "content_type": 15, "codename": "delete_reviewrating"}}, {"model": "auth.permission", "pk": 60, "fields": {"name": "Can view review rating", "content_type": 15, "codename": "view_reviewrating"}}, {"model": "auth.permission", "pk": 61, "fields": {"name": "Can add productgallery", "content_type": 16, "codename": "add_productgallery"}}, {"model": "auth.permission", "pk": 62, "fields": {"name": "Can change productgallery", "content_type": 16, "codename": "change_productgallery"}}, {"model": "auth.permission", "pk": 63, "fields": {"name": "Can delete productgallery", "content_type": 16, "codename": "delete_productgallery"}}, {"model": "auth.permission", "pk": 64, "fields": {"name": "Can view productgallery", "content_type": 16, "codename": "view_productgallery"}}, {"model": "auth.permission", "pk": 65, "fields": {"name": "Can add user profile", "content_type": 17, "codename": "add_userprofile"}}, {"model": "auth.permission", "pk": 66, "fields": {"name": "Can change user profile", "content_type": 17, "codename": "change_userprofile"}}, {"model": "auth.permission", "pk": 67, "fields": {"name": "Can delete user profile", "content_type": 17, "codename": "delete_userprofile"}}, {"model": "auth.permission", "pk": 68, "fields": {"name": "Can view user profile", "content_type": 17, "codename": "view_userprofile"}}, {"model": "auth.permission", "pk": 69, "fields": {"name": "Can add generatedescription", "content_type": 18, "codename": "add_generatedescription"}}, {"model": "auth.permission", "pk": 70, "fields": {"name": "Can change generatedescription", "content_type": 18, "codename": "change_generatedescription"}}, {"model": "auth.permission", "pk": 71, "fields": {"name": "Can delete generatedescription", "content_type": 18, "codename": "delete_generatedescription"}}, {"model": "auth.permission", "pk": 72, "fields": {"name": "Can view generatedescription", "content_type": 18, "codename": "view_generatedescription"}}, {"model": "contenttypes.contenttype", "pk": 1, "fields": {"app_label": "admin", "model": "logentry"}}, {"model": "contenttypes.contenttype", "pk": 2, "fields": {"app_label": "auth", "model": "permission"}}, {"model": "contenttypes.contenttype", "pk": 3, "fields": {"app_label": "auth", "model": "group"}}, {"model": "contenttypes.contenttype", "pk": 4, "fields": {"app_label": "contenttypes", "model": "contenttype"}}, {"model": "contenttypes.contenttype", "pk": 5, "fields": {"app_label": "sessions", "model": "session"}}, {"model": "contenttypes.contenttype", "pk": 6, "fields": {"app_label": "category", "model": "category"}}, {"model": "contenttypes.contenttype", "pk": 7, "fields": {"app_label": "accounts", "model": "account"}}, {"model": "contenttypes.contenttype", "pk": 8, "fields": {"app_label": "store", "model": "product"}}, {"model": "contenttypes.contenttype", "pk": 9, "fields": {"app_label": "carts", "model": "cartitem"}}, {"model": "contenttypes.contenttype", "pk": 10, "fields": {"app_label": "carts", "model": "cart"}}, {"model": "contenttypes.contenttype", "pk": 11, "fields": {"app_label": "store", "model": "variation"}}, {"model": "contenttypes.contenttype", "pk": 12, "fields": {"app_label": "orders", "model": "payment"}}, {"model": "contenttypes.contenttype", "pk": 13, "fields": {"app_label": "orders", "model": "order"}}, {"model": "contenttypes.contenttype", "pk": 14, "fields": {"app_label": "orders", "model": "orderproduct"}}, {"model": "contenttypes.contenttype", "pk": 15, "fields": {"app_label": "store", "model": "reviewrating"}}, {"model": "contenttypes.contenttype", "pk": 16, "fields": {"app_label": "store", "model": "productgallery"}}, {"model": "contenttypes.contenttype", "pk": 17, "fields": {"app_label": "accounts", "model": "userprofile"}}, {"model": "contenttypes.contenttype", "pk": 18, "fields": {"app_label": "store", "model": "generatedescription"}}, {"model": "sessions.session", "pk": "796h3atmzmbj359xj7usbxxmzkl9et2r", "fields": {"session_data": ".eJyVVmtv3DYQ_Csbo0C-XBX74kdiBEbTJEBTIEDQGEg_GDhQ4p7EnESqJOXzteh_7yype_ju3DYxAtjicrk7OzPkXyczNcRmNgT2M6NPrk-mFyeT3Y-lqhZsZUV_U7Z2ReVs9KYsJKQYV0PxyWlufx5jHyVoVGiwu7q4miqtLjWfT08vLy9Pzy7K8nR6pS9en716dcbq6hWfs6ouzl--rqbT8kKrq4srfXqGH37NkrRmy15F1rN5q-qT67lqA09Oeu_0UMWZ5qhMG06u7dC2u9GeQ-9sYFRxZ28bZRe0cgPNnafYMPUumGjumTzfG16Sm5MbPL29_Z1-ZWVDQV_5uWeqW6UpOmpY-ZzAWC0ZOgqOKtchYVRly_imYoqolH0eqZXkSxMbN8QU_4ze5WhSyPDHoFoTV6Rwxj37FZmul0w2ymkDzv_csgpMgryxA8vnliOWaGHdkhr8X7IcJlu9w2nSwIhLSIdgEvem4lDc2Tv7xdiKPberyZ19rxD-pUN1RHdW46-f6g44Ys7dnT2bvjwH8tqreZwhYdfHhCLt_ftl6JS9po_PuwQp_lA1e4HS8_VHe89oxuf5FPRespGi9Vw2k9gOIM0l178dBM1RQGqtGkJ0HQ74LeWkt7oztqBb7LJDV-aTl87rQAGot5pKBmQhyGgsnZ2eFvRplQBVOMFYVNCpaBx6eAwBCQIFHXb8Zl3DLFd9cxjy5RErCnp3lA3o_5t09-x_nXEY9OFBdX3LWzR7FSN7dHIY-16ou81qVcc3k2PnAhiMbFY6vTrS2JEdZk6Wa7Wjo5sjYakGJyigbxOhTuHyegwdE3Szhz-o8eQI4DVk5nLQEfB3OH6wMZjaqjh4PtLcvgT216Waw69vQzBBNHu9kcsjk9q6URi6TvnVaEa8kX9m_ZoNZAJ9w5zILRKvV-JA1iXGCLNDnFCZCbRZqj0DPwa12GcxaLamk1SxMTb5wJy5hW2Ic-HACl7WT2jZmKqRMG2C6ntnxGdqmUswmr38Lsc2pm6gStgIpZgCutNGVKNa4Jxi5iZKIikneRlAEDZKih83xUYkEtWlHVHSZpNqnUP_4_elMtJkrq1TCw7Zaxvlkw0vweWCPgIM6Fso5Rnz6jh78gZHRCq7cpaLx0N782JPXCGp6zZt3VqOGrEF5HDI5G3ItdqDN7W6xbg1XQAeuBWk44R5hjqPkkAJB6xT1QIYiL_kthWEnPtPdECwkUNPOfLoxp9xFWB-yWmTsY7bkKNqBy0zQYKcXGZNJW4Z8CKfvPHYEZ7tfbnvy9IVQFhnXxq0Ar8dei2EX3ey3rbkssflADvcP0CwZpTmQt61b3_hhqKq953gMGpvfeOdaxm5xVYud_bNix1z3QZ_t3k_kQcEVQEtikR29IUOy1XCZUf_jxBd02vOLUT9ED13cLN9lkGD8yj3ncWaQvAyCSNkNS4sc57vyCNYlJezNd9z63qhQONwMeYDQzSxapL0cTPQYDW4jgJNtZDsIbF05PAS5iqI7Ks828-_UFlc61DoBX3AI4GC-VOSDP1WHg8pyIQwYApfxfkEKsA5eaRzqYfw9PH0A673raUNFtgHWJQ8zITCYcBC7_CbcD56cBIOJk7CDz3LNbTaWkercFznPOeHgxL1wwfEOlXA4DYupBmvQRNlQst0wUEA5bCSZtKrZcdRajVOULsD2-q2foUnGy-SRnGrhPymFIXIDH7sFHSNFu5VO-S2si09ScPbHagSo2TSq1ybVmAfDFIGa7NlrXlSc0xXAXDC418YguLHYjChpCOUj1rmc2AQekBA3dBGI08SML8Rbn01ibUvM3qBejiEZK3zboQm4ERTQLYRbDJn0ZoqceFs6omAW3aqXsnrOV-HgVWXGOzB_gSiZFIht1LySOYhCAf2EPo-L9mx3ny7gz789z-FpnZZ:1qsNf6:tvoLdBwP_2rJugZ9ibzVFePpFs7RaRjZqUpeT3zE6P0", "expire_date": "2023-10-30T13:29:36.494Z"}}, {"model": "sessions.session", "pk": "p2kpqjt76h9xxat1po471fovs8cgrf7p", "fields": {"session_data": ".eJxVjMsOwiAQRf-FtSFAHR4u3fsNZIYBqRqalHZl_HfbpAvdnnPufYuI61Lj2vMcRxYXocXplxGmZ2674Ae2-yTT1JZ5JLkn8rBd3ibOr-vR_h1U7HVbK8NKe2JviHIqgckadmcXFA2gB1KMxULaKLminU-YwVqAHMCTJiM-X_QQOCw:1qsGVG:BMwyQfXh739VQLFqd8ow_rjWKAbFh5IXxrw7EPEBJwo", "expire_date": "2023-10-30T05:50:58.917Z"}}, {"model": "sessions.session", "pk": "v34cbjunqx3fjjbd6ek19hpw8fqbu0dq", "fields": {"session_data": ".eJxVUUFu20AM_MpAQG5S7ORk6NbkGiSADRQ9GCjoXUpaaLU0uFRdIcjfu0rcoj6SnOFwhu_VWcXPzn56NgoxV23V4GCUPKlHFwydKAjKkX6zr8GUF3TM8ajH1OBJ_NJit212j3dwYiZp87BrHrd3OEtcOBvrPQ7Bc6ndyIYxzW6MjFx6mxO58Tpo8bDd_t1xSzlTnD7xq9I_mRuNr2ueZU6my2bPfZAE6fCmoQ-pxTNNJ_GBanwPbImmGgcNeKE0UlVXPSdWMvYlh-w0nK3wSxbHtF-NIyTsf7ziKc6MwxDUMhpkW2LIw_Ue5K_-JdhQAnMyleSMTqvV__Ks8Ys1k4VrBFePuUbBIM8nKwMnUTQjy6yOC01lAjmVnPEtB_r8iaM8U8SFSWEDGWLZgkVmRJERvYjHZVhl1m-F1KNgyvf4_sZvF6mvWtOZP_4ASy64oQ:1qrtwk:ss4xPD3RS5JwT2UtKAgsBHaI3x6BOtpBv1Jk8_EUyuE", "expire_date": "2023-10-29T05:45:50.068Z"}}, {"model": "category.category", "pk": 1, "fields": {"category_name": "Shirts", "slug": "shirts", "description": "This is Shirt category", "cat_image": "photos/categories/shirts.jpg"}}, {"model": "category.category", "pk": 2, "fields": {"category_name": "T Shirt", "slug": "t-shirt", "description": "This is T Shirt Category", "cat_image": "photos/categories/tshirts.jpg"}}, {"model": "category.category", "pk": 3, "fields": {"category_name": "Shoes", "slug": "shoes", "description": "This is Shoes Category", "cat_image": "photos/categories/shoes.png"}}, {"model": "category.category", "pk": 4, "fields": {"category_name": "Jeans", "slug": "jeans", "description": "Jeans Category", "cat_image": "photos/categories/jeans.jpg"}}, {"model": "category.category", "pk": 5, "fields": {"category_name": "Jacket", "slug": "jacket", "description": "Jacket Category", "cat_image": "photos/categories/jackets.jpg"}}, {"model": "accounts.account", "pk": 1, "fields": {"password": "pbkdf2_sha256$600000$lZ7xwoXrMeJOLYKhpdFgD7$/cWrZm4Pf3/Yn2v5hkWbHRrqqxY96qcZzR4rBPsOjfk=", "first_name": "Retail", "last_name": "Admin", "username": "admin", "email": "admin@example.com", "phone_number": "", "date_joined": "2023-10-01T23:43:23.433Z", "last_login": "2023-10-16T05:50:58.897Z", "is_admin": true, "is_staff": true, "is_active": true, "is_superadmin": true}}, {"model": "accounts.account", "pk": 6, "fields": {"password": "pbkdf2_sha256$216000$BU9imL1fvc5Z$ujSPGASJtOww1ll0CxDBQVTz1j52yDmNCxzAeJUEjdQ=", "first_name": "Veena", "last_name": "Vasudevan", "username": "vasveena", "email": "vasveena@amazon.com", "phone_number": "4694529342", "date_joined": "2023-10-03T08:47:08.849Z", "last_login": "2023-10-03T09:09:55.782Z", "is_admin": false, "is_staff": false, "is_active": true, "is_superadmin": false}}, {"model": "accounts.account", "pk": 16, "fields": {"password": "pbkdf2_sha256$600000$7S6mSYT1vcMGSkSbkvdAiG$48QUlGq6YF2LJ/ib9xa+80QXHRtipDrLGnBB5TKDUdk=", "first_name": "Veena", "last_name": "Vasudevan", "username": "veenvasu", "email": "veenvasu@gmail.com", "phone_number": "4694529342", "date_joined": "2023-10-03T10:13:24.257Z", "last_login": "2023-10-12T16:48:15.605Z", "is_admin": false, "is_staff": false, "is_active": true, "is_superadmin": false}}, {"model": "accounts.account", "pk": 25, "fields": {"password": "pbkdf2_sha256$600000$QUsfJiNDcbJ3xn21GxvjE2$HVAxb0E3/DNxXZqqi5tzU1GZ1rwcSRMq/qWik8eRuWI=", "first_name": "Dave", "last_name": "Xyz", "username": "dave", "email": "dave@gmail.com", "phone_number": "1234", "date_joined": "2023-10-16T06:25:25.369Z", "last_login": "2023-10-16T06:25:32.079Z", "is_admin": false, "is_staff": false, "is_active": true, "is_superadmin": false}}, {"model": "accounts.userprofile", "pk": 1, "fields": {"user": 16, "address_line_1": "2468 Mars St", "address_line_2": "", "profile_picture": "userprofile/vasveena-high-res-current-photo.jpeg", "city": "Jersey City", "state": "New Jersey", "country": "USA"}}, {"model": "accounts.userprofile", "pk": 8, "fields": {"user": 25, "address_line_1": "", "address_line_2": "", "profile_picture": "userprofile/default-user-profile.jpeg", "city": "", "state": "", "country": ""}}, {"model": "store.product", "pk": 1, "fields": {"product_name": "ATX Jeans", "product_brand": "ATX", "slug": "atx-jeans", "description": "The ATX Jeans are amazingly comfortable for all-day wear. Made from premium stretch denim for an ideal fit that moves with you. Available colors are Black, Blue, and Yellow - pick your favorite wash to add some style to your routine.", "price": 200, "images": "photos/products/ATX-Jeans.jpg", "stock": 94, "is_available": true, "category": 4, "created_date": "2023-10-02T00:22:16.483Z", "modified_date": "2023-10-16T13:27:28.548Z", "review_summary": " Here is a review summary of the customer reviews for ATX Jeans:\n\nPros:\n- Very comfortable according to one reviewer. \n\nCons: \n- Quality is questioned by some reviewers. Complaints include thin and flimsy denim, stitches coming undone quickly, holes developing in knees and thighs after only a few wears.\n- Fit issues for one reviewer - too tight in thighs but loose in waist, sizing up did not fix the problem.  \n- Itchy from day one according to one reviewer. Also started getting stains that did not come out and pilling got out of hand causing fabric to tear apart at seams within 3 months.\n- Considered overpriced by one reviewer at over $100 for such poor construction quality that did not last more than a month of casual wear.  \n\nIn summary, while one reviewer found them very comfortable, other reviewers had major issues with the quality, fit, stitching and durability of ATX Jeans - feeling they were not worth the price given how quickly they deteriorated or developed problems. Most reviewers would not recommend or purchase from ATX Jeans again."}}, {"model": "store.product", "pk": 2, "fields": {"product_name": "Wrangler Shirt", "product_brand": "Wrangler", "slug": "wrangler-shirt", "description": "", "price": 80, "images": "photos/products/Wrangler-Shirt.jpg", "stock": 0, "is_available": true, "category": 1, "created_date": "2023-10-02T00:23:46.437Z", "modified_date": "2023-10-15T11:50:45.705Z", "review_summary": ""}}, {"model": "store.product", "pk": 3, "fields": {"product_name": "US Polo Assn Jacket", "product_brand": "US Polo Assn", "slug": "us-polo-assn-jacket", "description": "This is Amazing Polo Jacket", "price": 400, "images": "photos/products/US-Polo-Assn_Jacket.jpg", "stock": 200, "is_available": true, "category": 5, "created_date": "2023-10-02T00:24:35.087Z", "modified_date": "2023-10-15T11:50:38.348Z", "review_summary": ""}}, {"model": "store.product", "pk": 4, "fields": {"product_name": "Mavi Jeans", "product_brand": "Mavi", "slug": "mavi-jeans", "description": "Amazing Mavi Jeans!", "price": 180, "images": "photos/products/Mavi_jeans.jpg", "stock": 60, "is_available": true, "category": 4, "created_date": "2023-10-02T00:25:12.941Z", "modified_date": "2023-10-15T11:50:30.512Z", "review_summary": ""}}, {"model": "store.product", "pk": 5, "fields": {"product_name": "Jordan Shoes", "product_brand": "Jordan", "slug": "jordan-shoes", "description": "The Jordan Shoes are stylish, comfortable and made for the everyday wearer. Crafted with high quality rubber soles for excellent traction and support, these shoes will keep your feet feeling fresh all day. The breathable cotton-polyester upper in a 20:80 ratio keeps your feet cool whether you're playing basketball or running errands. With exceptional craftsmanship and durability, the Jordan Shoes are perfect for both athletic performance and casual style. Slip into a pair today and experience the iconic Jordan comfort and quality with every step.", "price": 100, "images": "photos/products/jordan-true-flight-basketball-shoes.jpg", "stock": 80, "is_available": true, "category": 3, "created_date": "2023-10-02T00:26:02.412Z", "modified_date": "2023-10-16T04:56:46.133Z", "review_summary": ""}}, {"model": "store.product", "pk": 6, "fields": {"product_name": "Puma Ferrari Shoes", "product_brand": "Puma Ferrari", "slug": "puma-ferrari-shoes", "description": "Great shoes!", "price": 600, "images": "photos/products/Puma-Ferrari-Shoes.jpg", "stock": 40, "is_available": true, "category": 3, "created_date": "2023-10-02T00:26:38Z", "modified_date": "2023-10-15T11:50:14.980Z", "review_summary": ""}}, {"model": "store.product", "pk": 7, "fields": {"product_name": "RXN Blue Shirt", "product_brand": "RXN", "slug": "rxn-blue-shirt", "description": "The RXN skinny fit shirt is supremely comfy for all seasons. Made from breathable cotton, it moves with you for all-day wear. Designed for the modern man, this versatile top is your effortless everyday essential.", "price": 40, "images": "photos/products/Blue-Shirt.jpg", "stock": 1000, "is_available": true, "category": 1, "created_date": "2023-10-02T00:27:47.118Z", "modified_date": "2023-10-15T12:44:05.814Z", "review_summary": ""}}, {"model": "store.product", "pk": 8, "fields": {"product_name": "Ugg Kids T Shirt", "product_brand": "Ugg", "slug": "kids-t-shirt", "description": "The coziest tee for your little one! Ugg Kids T Shirt is made of breathable cotton for all-day comfort. Its skinny fit is great for every activity while staying comfy and cool in any weather. A wardrobe staple as versatile as your kid!", "price": 29, "images": "photos/products/Kids-Tshirt.jpg", "stock": 400, "is_available": true, "category": 2, "created_date": "2023-10-02T00:28:42.104Z", "modified_date": "2023-10-15T14:01:29.297Z", "review_summary": ""}}, {"model": "store.variation", "pk": 1, "fields": {"product": 1, "variation_category": "color", "variation_value": "Black", "is_active": true, "created_date": "2023-10-03T00:54:26.310Z"}}, {"model": "store.variation", "pk": 2, "fields": {"product": 1, "variation_category": "color", "variation_value": "Blue", "is_active": true, "created_date": "2023-10-03T00:45:24.997Z"}}, {"model": "store.variation", "pk": 3, "fields": {"product": 1, "variation_category": "color", "variation_value": "Yellow", "is_active": true, "created_date": "2023-10-03T00:46:13.444Z"}}, {"model": "store.variation", "pk": 4, "fields": {"product": 1, "variation_category": "size", "variation_value": "small", "is_active": true, "created_date": "2023-10-03T00:58:02.032Z"}}, {"model": "store.variation", "pk": 5, "fields": {"product": 1, "variation_category": "size", "variation_value": "Medium", "is_active": true, "created_date": "2023-10-03T01:17:52.042Z"}}, {"model": "store.variation", "pk": 6, "fields": {"product": 1, "variation_category": "size", "variation_value": "large", "is_active": true, "created_date": "2023-10-03T01:18:04.219Z"}}, {"model": "store.variation", "pk": 7, "fields": {"product": 1, "variation_category": "size", "variation_value": "X-Large", "is_active": true, "created_date": "2023-10-03T01:18:20.086Z"}}, {"model": "store.reviewrating", "pk": 1, "fields": {"product": 1, "user": 16, "subject": "Meh", "review": "They're ok not great", "rating": 3.5, "ip": "127.0.0.1", "status": true, "created_at": "2023-10-12T06:35:51.011Z", "updated_at": "2023-10-16T07:23:27.370Z", "generated_response": "", "prompt": ""}}, {"model": "store.reviewrating", "pk": 2, "fields": {"product": 1, "user": 1, "subject": "Love it!", "review": "So comfortable. Can't live without these jeans!", "rating": 5.0, "ip": "127.0.0.1", "status": true, "created_at": "2023-10-12T06:59:10.632Z", "updated_at": "2023-10-16T10:04:14.590Z", "generated_response": "Thank you for the positive review of our ATX Jeans. We're glad to hear you find them so comfortable that you can't live without them! Comfort and quality are very important to us. Please continue to let us know how we can improve our products and services.\r\n\r\nSincerely,\r\nDave Smith  \r\ndave@gmail.com\r\n1234", "prompt": "\n                Human: I'm the manager of re:Invent retails. Draft a response for the review of the product ATX Jeans from our customer Retail Admin. The number of words should be less than 100. My contact information: dave@gmail.com 1234. \n                <customer_review>\n                So comfortable. Can't live without these jeans!\n                <customer_review>\n\n                Example response pattern: \n                Dear <customer_name>,\n                <content_body>\n                \n                <if negative review> \n                    Don't hesitate to contact me at dave@gmail.com or 1234. \n                <end if> \n\n                Sincerely,\n                <signature>\n                dave@gmail.com\n                1234\n                Assistant:"}}, {"model": "store.reviewrating", "pk": 3, "fields": {"product": 1, "user": 25, "subject": "Disappointed", "review": "I was really disappointed by the quality of ATX Jeans. The denim felt extremely thin and flimsy. After only a few wears, the knees and thighs started developing holes. The stitching came undone quickly as well. They weren't very flattering either - too tight in the thighs but loose in the waist. Even sizing up didn't fix the issue. Worst of all, these jeans were over $100 which is unreasonable for such poor construction. I expect my jeans to last more than a month of casual wear. I definitely won't be buying from ATX Jeans again and don't recommend them to anyone seeking pants that are well-made or value for money.", "rating": 1.0, "ip": "127.0.0.1", "status": true, "created_at": "2023-10-16T07:18:17.939Z", "updated_at": "2023-10-16T10:03:24.138Z", "generated_response": "Thank you for the feedback on the ATX Jeans. We're sorry to hear about the poor quality of the product. Quality and customer satisfaction are top priorities for us. Please contact me directly at dave@gmail.com or 1234 so I can make this right for you.\r\n\r\nSincerely,\r\nDave\r\ndave@gmail.com \r\n1234", "prompt": "\n                Human: I'm the manager of re:Invent retails. Draft a response for the review of the product ATX Jeans from our customer Dave Xyz. The number of words should be less than 50. My contact information: dave@gmail.com 1234. \n                <customer_review>\n                I was really disappointed by the quality of ATX Jeans. The denim felt extremely thin and flimsy. After only a few wears, the knees and thighs started developing holes. The stitching came undone quickly as well. They weren't very flattering either - too tight in the thighs but loose in the waist. Even sizing up didn't fix the issue. Worst of all, these jeans were over $100 which is unreasonable for such poor construction. I expect my jeans to last more than a month of casual wear. I definitely won't be buying from ATX Jeans again and don't recommend them to anyone seeking pants that are well-made or value for money.\n                <customer_review>\n\n                Example response pattern: \n                Dear <customer_name>,\n                <content_body>\n                \n                <if negative review> \n                    Don't hesitate to contact me at dave@gmail.com or 1234. \n                <end if> \n\n                Sincerely,\n                <signature>\n                dave@gmail.com\n                1234\n                Assistant:"}}, {"model": "store.reviewrating", "pk": 4, "fields": {"product": 1, "user": 25, "subject": "Poor quality and uncomfortable", "review": "These jeans felt itchy from day one. Then they started getting strange stains that did not come off despite multiple washes. Within 3 months pilling got completely out of hand and the fabric started tearing apart at the seams. Threw them out as they became unusable", "rating": 2.0, "ip": "127.0.0.1", "status": true, "created_at": "2023-10-16T07:25:05.330Z", "updated_at": "2023-10-16T07:26:38.357Z", "generated_response": "", "prompt": ""}}, {"model": "store.productgallery", "pk": 1, "fields": {"product": 1, "image": "store/products/image1.jpg"}}, {"model": "store.productgallery", "pk": 2, "fields": {"product": 1, "image": "store/products/image2.jpg"}}, {"model": "store.productgallery", "pk": 3, "fields": {"product": 1, "image": "store/products/image13.jpg"}}, {"model": "carts.cart", "pk": 12, "fields": {"cart_id": "0feda26u8hdimc3pum59ujig7oafwrvz", "date_added": "2023-10-12"}}, {"model": "carts.cart", "pk": 13, "fields": {"cart_id": "p2bupmt1dob02s39dekerrrmrotpupr5", "date_added": "2023-10-12"}}, {"model": "carts.cart", "pk": 14, "fields": {"cart_id": "pqyj1qhu06pftqzokyteub5n0gtgm5d0", "date_added": "2023-10-12"}}, {"model": "carts.cart", "pk": 15, "fields": {"cart_id": "m17okj27vmue5l333tx54wvsut09xwq5", "date_added": "2023-10-12"}}, {"model": "carts.cart", "pk": 16, "fields": {"cart_id": "6njiabcyue4l6uu8sipgdzw70gb9tkqp", "date_added": "2023-10-12"}}, {"model": "carts.cartitem", "pk": 40, "fields": {"user": null, "product": 1, "cart": 13, "quantity": 1, "is_active": true, "variations": [3, 7]}}, {"model": "carts.cartitem", "pk": 47, "fields": {"user": 16, "product": 1, "cart": 16, "quantity": 1, "is_active": true, "variations": [1, 5]}}, {"model": "orders.payment", "pk": 1, "fields": {"user": 16, "payment_id": "6VG1275732542523L", "payment_method": "PayPal", "amount_paid": "408.0", "status": "COMPLETED", "created_at": "2023-10-12T05:36:28.237Z"}}, {"model": "orders.payment", "pk": 2, "fields": {"user": 16, "payment_id": "1G727260613749528", "payment_method": "PayPal", "amount_paid": "612.0", "status": "COMPLETED", "created_at": "2023-10-12T05:43:07.437Z"}}, {"model": "orders.payment", "pk": 3, "fields": {"user": 1, "payment_id": "5PR8013243452520U", "payment_method": "PayPal", "amount_paid": "204.0", "status": "COMPLETED", "created_at": "2023-10-12T06:56:46.721Z"}}, {"model": "orders.order", "pk": 8, "fields": {"user": 16, "payment": 1, "order_number": "202310128", "first_name": "Veena", "last_name": "Vasudevan", "phone": "4694529342", "email": "vasudevan.veena@gmail.com", "address_line_1": "2521 Wasser Terrace Apt 408", "address_line_2": "", "country": "United States", "state": "Virginia", "city": "Herndon", "order_note": "", "order_total": 408.0, "tax": 8.0, "status": "New", "ip": "127.0.0.1", "is_ordered": true, "created_at": "2023-10-12T05:32:51.337Z", "updated_at": "2023-10-12T05:36:28.252Z"}}, {"model": "orders.order", "pk": 9, "fields": {"user": 16, "payment": 2, "order_number": "202310129", "first_name": "Veena", "last_name": "Vasudevan", "phone": "4694529342", "email": "vasudevan.veena@gmail.com", "address_line_1": "2521 Wasser Terrace Apt 408", "address_line_2": "", "country": "United States", "state": "Virginia", "city": "Herndon", "order_note": "", "order_total": 612.0, "tax": 12.0, "status": "New", "ip": "127.0.0.1", "is_ordered": true, "created_at": "2023-10-12T05:42:53.891Z", "updated_at": "2023-10-12T05:43:07.442Z"}}, {"model": "orders.order", "pk": 10, "fields": {"user": 1, "payment": 3, "order_number": "2023101210", "first_name": "Veena", "last_name": "Vasudevan", "phone": "4694529342", "email": "vasudevan.veena@gmail.com", "address_line_1": "2521 Wasser Terrace Apt 408", "address_line_2": "", "country": "United States", "state": "Virginia", "city": "Herndon", "order_note": "nada", "order_total": 204.0, "tax": 4.0, "status": "New", "ip": "127.0.0.1", "is_ordered": true, "created_at": "2023-10-12T06:56:17.592Z", "updated_at": "2023-10-12T06:56:46.725Z"}}, {"model": "orders.orderproduct", "pk": 1, "fields": {"order": 8, "payment": 1, "user": 16, "product": 1, "quantity": 1, "product_price": 200.0, "ordered": true, "created_at": "2023-10-12T05:36:28.276Z", "updated_at": "2023-10-12T05:36:28.503Z", "variations": [2, 5]}}, {"model": "orders.orderproduct", "pk": 2, "fields": {"order": 8, "payment": 1, "user": 16, "product": 1, "quantity": 1, "product_price": 200.0, "ordered": true, "created_at": "2023-10-12T05:36:28.527Z", "updated_at": "2023-10-12T05:36:28.695Z", "variations": [1, 5]}}, {"model": "orders.orderproduct", "pk": 3, "fields": {"order": 9, "payment": 2, "user": 16, "product": 1, "quantity": 2, "product_price": 200.0, "ordered": true, "created_at": "2023-10-12T05:43:07.454Z", "updated_at": "2023-10-12T05:43:07.473Z", "variations": [3, 7]}}, {"model": "orders.orderproduct", "pk": 4, "fields": {"order": 9, "payment": 2, "user": 16, "product": 1, "quantity": 1, "product_price": 200.0, "ordered": true, "created_at": "2023-10-12T05:43:07.484Z", "updated_at": "2023-10-12T05:43:07.492Z", "variations": [1, 6]}}, {"model": "orders.orderproduct", "pk": 5, "fields": {"order": 10, "payment": 3, "user": 1, "product": 1, "quantity": 1, "product_price": 200.0, "ordered": true, "created_at": "2023-10-12T06:56:46.738Z", "updated_at": "2023-10-12T06:56:46.754Z", "variations": [3, 5]}}]
